date,product,category,units,unit_price
2026-01-03,Espresso Machine,Appliances,3,289.90
2026-01-08,Ceramic Mug,Accessories,24,12.50
2026-01-15,Burr Grinder,Appliances,5,129.00
2026-01-22,Chemex,Accessories,9,42.00
2026-02-02,Espresso Machine,Appliances,2,289.90
2026-02-10,Gooseneck Kettle,Appliances,7,79.90
2026-02-14,Ceramic Mug,Accessories,30,12.50
2026-02-21,Cold Brew Carafe,Accessories,11,26.00
2026-03-01,Burr Grinder,Appliances,4,129.00
2026-03-09,Chemex,Accessories,15,42.00
2026-03-15,Espresso Machine,Appliances,1,289.90
2026-03-28,Gooseneck Kettle,Appliances,6,79.90
2026-04-04,Ceramic Mug,Accessories,18,12.50
2026-04-11,Cold Brew Carafe,Accessories,8,26.00
2026-04-19,Burr Grinder,Appliances,6,129.00
2026-04-26,Chemex,Accessories,12,42.00